Albania,Europa
Andorra,Europa
Armenia,Europa
Austria,Europa
Azerbaijan,Europa
Belarus,Europa
Belgium,Europa
Bosnia and Herzegovina,Europa
Bulgaria,Europa
Croatia,Europa
Cyprus,Europa
Czech Republic,Europa
Denmark,Europa
Estonia,Europa
Finland,Europa
France,Europa
Georgia,Europa
Germany,Europa
Greece,Europa
Hungary,Europa
Iceland,Europa
Ireland,Europa
Italy,Europa
Kazakhstan (partly in Europe),Europa
Kosovo,Europa
Latvia,Europa
Liechtenstein,Europa
Lithuania,Europa
Luxembourg,Europa
Malta,Europa
Moldova,Europa
Monaco,Europa
Montenegro,Europa
Netherlands,Europa
North Macedonia,Europa
Norway,Europa
Poland,Europa
Portugal,Europa
Romania,Europa
Russia (partly in Europe),Europa
San Marino,Europa
Serbia,Europa
Slovakia,Europa
Slovenia,Europa
Spain,Europa
Sweden,Europa
Switzerland,Europa
Turkey (partly in Europe),Europa
Ukraine,Europa
United Kingdom,Europa
Vatican City (Holy See),Europa
Afghanistan,Asia
Armenia,Asia
Azerbaijan,Asia
Bahrain,Asia
Bangladesh,Asia
Bhutan,Asia
Brunei,Asia
Cambodia,Asia
China,Asia
Cyprus,Asia
Georgia,Asia
India,Asia
Indonesia,Asia
Iran,Asia
Iraq,Asia
Israel,Asia
Japan,Asia
Jordan,Asia
Kazakhstan,Asia
Kuwait,Asia
Kyrgyzstan,Asia
Laos,Asia
Lebanon,Asia
Malaysia,Asia
Maldives,Asia
Mongolia,Asia
Myanmar (Burma),Asia
Nepal,Asia
North Korea,Asia
Oman,Asia
Pakistan,Asia
Palestine,Asia
Philippines,Asia
Qatar,Asia
Saudi Arabia,Asia
Singapore,Asia
South Korea,Asia
Sri Lanka,Asia
Syria,Asia
Taiwan,Asia
Tajikistan,Asia
Thailand,Asia
Timor-Leste (East Timor),Asia
Turkey,Asia
Turkmenistan,Asia
United Arab Emirates,Asia
Uzbekistan,Asia
Vietnam,Asia
Yemen,Asia
Algeria,Africa
Angola,Africa
Benin,Africa
Botswana,Africa
Burkina Faso,Africa
Burundi,Africa
Cape Verde,Africa
Cameroon,Africa
Central African Republic,Africa
Chad,Africa
Comoros,Africa
Democratic Republic of the Congo,Africa
Republic of the Congo,Africa
Djibouti,Africa
Egypt,Africa
Equatorial Guinea,Africa
Eritrea,Africa
Eswatini (Swaziland),Africa
Ethiopia,Africa
Gabon,Africa
Gambia,Africa
Ghana,Africa
Guinea,Africa
Guinea-Bissau,Africa
Ivory Coast (Côte d'Ivoire),Africa
Kenya,Africa
Lesotho,Africa
Liberia,Africa
Libya,Africa
Madagascar,Africa
Malawi,Africa
Mali,Africa
Mauritania,Africa
Mauritius,Africa
Morocco,Africa
Mozambique,Africa
Namibia,Africa
Niger,Africa
Nigeria,Africa
Rwanda,Africa
São Tomé and Príncipe,Africa
Senegal,Africa
Seychelles,Africa
Sierra Leone,Africa
Somalia,Africa
South Africa,Africa
South Sudan,Africa
Sudan,Africa
Tanzania,Africa
Togo,Africa
Tunisia,Africa
Uganda,Africa
Zambia,Africa
Zimbabwe,Africa
Argentina,Sudamérica
Bolivia,Sudamérica
Brazil,Sudamérica
Chile,Sudamérica
Colombia,Sudamérica
Ecuador,Sudamérica
Guyana,Sudamérica
Paraguay,Sudamérica
Peru,Sudamérica
Suriname,Sudamérica
Uruguay,Sudamérica
Venezuela,Sudamérica
Belize,Centroamérica
Costa Rica,Centroamérica
El Salvador,Centroamérica
Guatemala,Centroamérica
Honduras,Centroamérica
Nicaragua,Centroamérica
Panama,Centroamérica
Canada,Norteamérica
Mexico,Norteamérica
United States,Norteamérica
Australia,Oceanía
Fiji,Oceanía
Kiribati,Oceanía
Marshall Islands,Oceanía
Micronesia (Federated States of),Oceanía
Nauru,Oceanía
New Zealand,Oceanía
Palau,Oceanía
Papua New Guinea,Oceanía
Samoa,Oceanía
Solomon Islands,Oceanía
Tonga,Oceanía
Tuvalu,Oceanía
Vanuatu,Oceanía
Myanmar,Asia
Hong Kong,Asia
Czechoslovakia,Europa
Ivory Coast,Africa
Congo,Africa
DR Congo,Africa
Eswatini,Africa
China PR,Asia
Republic of Ireland,Europa
Yugoslavia,Europa
Cuba,Centroamérica
Martinique,Centroamérica
Jamaica,Centroamérica
Antigua and Barbuda,Centroamérica
Barbados,Centroamérica
England,Europa
Russia,Europa
Trinidad and Tobago,Centroamérica
Haiti,Centroamérica
Réunion,Europa
British Virgin Islands,Centroamérica
Ynys Môn,Europa
Guernsey,Europa
Guadeloupe,Europa
New Caledonia,Centroamérica
Jersey,Europa
Zanzibar,Africa
Northern Cyprus,Europa
Provence,Europa
Corsica,Europa
French Guiana,Sudamérica
Saare County,Europa
Isle of Man,Europa
Saint Lucia,Norteamérica
Mayotte,Africa
Alderney,Europa
Sealand,Europa
Abkhazia,Europa
Ellan Vannin,Europa
Padania,Europa
Occitania,Europa
County of Nice,Europa
Curaçao,Centroamérica
Gibraltar,Europa
United Koreans in Japan,Asia
Iraqi Kurdistan,Asia
Chagos Islands,Asia
Felvidék,Europa
Kárpátalja,Europa
Hitra,Europa
Greenland,Norteamérica
Matabeleland,Africa
Tibet,Asia
Panjab,Asia
South Ossetia,Asia
Scotland,Europa
Saint Kitts and Nevis,Centroamérica
Orkney,Europa
Åland,Europa
Wales,Europa
Turks and Caicos Islands,Centroamérica
